Symbol,Close,RS,EMA5,EMA20,EMA50,EMA200,MarketCap,Sector
360ONE,1047.9000244140625,0.023336550579718507,1065.97018450003,1095.1164635273842,1117.0873224938232,1107.7797167256558,,
ABB,6926.5,0.04598396463008014,7035.643679511808,7210.661292525314,7263.266569135167,6729.256613745732,,
ACC,1204.9000244140625,-0.047291328497897966,1225.5674502854495,1252.352523940746,1289.3147141543775,1413.3335784218827,,
APLAPOLLO,2212.300048828125,0.302932168979972,2203.6833252513416,2175.1643062429375,2094.329136014467,1967.5020037757706,,
AUBANK,992.7999877929688,0.005608760561279347,1011.9321547946249,1042.0204525434249,1049.6306213503487,1006.1254482172625,,
ADANIENSOL,1295.199951171875,-0.08864383550996635,1322.6299909155953,1386.590032471854,1458.1201674124056,1355.5295802956966,,
ADANIENT,2846.199951171875,-0.016194827351990848,2886.4365723661745,2952.5152690642776,2973.9716516842805,2739.554122015714,,
ADANIGREEN,1237.5999755859375,-0.1296403823950909,1262.3179201903852,1286.8318325356431,1322.5272398595878,1262.044997392591,,
ADANIPORTS,1758.5999755859375,0.019497055914819095,1768.3029564779408,1753.9353031505532,1740.3176492533594,1664.7992171341791,,
ADANIPOWER,195.1699981689453,-0.08471435752486967,199.0590863462446,204.10519834324944,207.59887496953112,195.94236535247254,,
ATGL,595.6500244140625,-0.14553826524851377,605.0015146705912,614.4500329724403,633.6818421314829,633.9107732187823,,
ABCAPITAL,380.25,0.018084914762041437,388.22018227133987,395.58608553937347,396.5130678663948,371.9076893966152,,
ALKEM,5240.0,-0.010995782852346148,5286.741241855922,5292.7766260018125,5356.109525279357,5433.7764029816235,,
AMBUJACEM,372.54998779296875,-0.07323002395133305,379.08056307009684,390.0293035185454,404.23398233767716,444.1287027177717,,
APOLLOHOSP,8768.0,0.061039319068886044,8845.435163950679,8841.022055201614,8781.957823498418,8295.714485676845,,
ASHOKLEY,154.7100067138672,0.029513822814527968,157.10185432276697,162.0663706168392,164.37010226169852,163.68536431752725,,
ASIANPAINT,2421.5,-0.035873618056919465,2427.2092401883533,2474.369595434666,2550.2672405492053,2567.817609392776,,
ASTRAL,1366.4000244140625,0.07529956032240426,1383.9068334196093,1423.5220528237608,1450.7613681237353,1482.6368465512785,,
AUROPHARMA,1705.0,0.13336618207842976,1708.2046039651284,1686.4344778349212,1641.8148771020058,1476.4798374024049,,
DMART,3838.0,-0.08059491731125534,3813.963293966528,3794.6488385199714,3868.369712712258,4017.394530071376,,
AXISBANK,1205.0,-0.059586043698867996,1214.7074211904958,1234.1423421327881,1249.8303892015367,1267.2853034435177,,
BSE,3158.10009765625,-0.140398665883395,3170.350094910978,3255.9177380140336,3378.858317394124,3351.3885457971724,,
BAJAJ-AUTO,10944.0,0.1820450815925716,11135.401121439203,11441.904108135052,11371.552503717698,10457.154392904402,,
BAJFINANCE,972.5999755859375,0.01583156014182796,990.7114856722746,1021.8762346117904,1034.925943144588,996.3263436296031,,
BAJAJFINSV,1753.4000244140625,0.03361233975615385,1775.2416198577805,1856.5457676113842,1897.6873707830432,1895.669369592331,,
BAJAJHLDNG,10787.0,0.07380828309667109,10954.486017666519,11079.832659567888,11018.115467879155,10810.360985715613,,
BAJAJHFL,81.68000030517578,-0.020390158159390825,82.60086785841438,83.44880426857382,84.30769562413921,87.75346312899879,,
BANKBARODA,227.64999389648438,-0.12298703931545929,230.88853816316941,235.1677198776824,241.20140798599576,255.82222888131608,,
BANKINDIA,131.27999877929688,-0.01875617414190145,134.10026045721926,138.19054484558308,140.32812531108016,141.2716869813491,,
BDL,1109.0,-0.1492359594279068,1131.1644778539153,1183.6996498874726,1237.2577675589323,1310.9886994733688,,
BEL,387.20001220703125,-0.011939177668649159,390.0185383039843,396.66489330830086,402.13948595489217,411.40818236081395,,
BHARATFORG,1939.300048828125,-0.04794709337536596,1967.0612251540333,1980.9193136000472,2017.3790631159238,1893.641553154014,,
BHEL,410.3999938964844,0.04338903209967371,416.83249273687215,422.77391162326404,417.66028046824954,367.7796999690661,,
BPCL,301.45001220703125,0.04215075636523902,305.40239840763877,308.8820348007607,310.8822683317042,316.2996346263654,,
BHARTIARTL,1777.300048828125,0.01975731243538492,1790.497415779102,1829.972465264449,1860.8623006247935,1884.8424615558345,,
BHARTIHEXA,1414.199951171875,0.011736292887851718,1466.6865208087243,1513.3791784245147,1532.9065410634448,1563.4163180281303,,
BIOCON,378.95001220703125,-0.04817169495631346,383.5093909212281,391.62355202137945,402.3744867361387,399.3753987865257,,
BLUESTARCO,1549.5,0.0035229282089555003,1552.0408890825547,1531.9906727594216,1548.324639044071,1652.5944397653273,,
BOSCHLTD,46950.0,0.24295870370784067,47523.08782273017,47639.128487572816,45983.88446830428,40921.6846140444,,
BRITANNIA,4848.0,0.005007787945991549,4902.744053978713,5014.136585413341,5154.526828297973,5385.560702541949,,
CGPOWER,869.0499877929688,-0.04217793624583821,877.3400954464563,886.5011103894085,887.4440831523805,834.1223891196429,,
CANBK,119.23999786376953,-0.0030933279463257746,122.05975147993063,124.13271552193441,125.90947105590334,129.51341549153128,,
CHOLAFIN,1636.0,-0.040389915124403486,1671.6087554098224,1758.2124661202715,1785.7385436996901,1712.9052566729713,,
CIPLA,1386.0999755859375,-0.007378166867799019,1389.2218367759356,1390.49941478348,1403.2516232206297,1398.5868687681625,,
COALINDIA,425.1000061035156,0.042673299406409626,423.70760274069363,419.47433252301846,417.1524229795056,417.3282320702578,,
COCHINSHIP,1306.800048828125,-0.08951967162735375,1342.3031854575454,1395.3857970412314,1432.3438161286056,1492.3993371255751,,
COFORGE,1801.199951171875,0.2926260027087797,1791.057812231288,1820.5039709447033,1775.0604250273054,1603.5161965053076,,
COLPAL,1823.5999755859375,-0.04214165430445538,1846.7055385464653,1858.7568495309365,1907.050656417853,2008.2564037891493,,
CONCOR,449.5,-0.002437214452561287,458.5812438406777,481.34787211231946,491.30603899260143,493.51129986120833,,
COROMANDEL,1868.0,-0.021342821545502044,1916.9753122704728,1946.599881544633,1971.003348260973,2034.7272314150525,,
CUMMINSIND,4843.5,-0.09444675119395707,4907.763210246785,5020.131574961685,5164.403985782141,5057.402775564954,,
DLF,665.4000244140625,0.1403027505287746,667.247134504207,662.2630640055073,656.8378854588751,640.8496871682711,,
DABUR,382.6000061035156,-0.03668095560784479,384.9359074593411,385.96130958821715,396.21603638298404,431.9493588695238,,
DIVISLAB,9535.5,0.5272715916365358,9538.68115646425,9339.218228279276,8780.31463000098,7474.950432428941,,
DIXON,13594.0,0.19770691287131958,13467.980577963433,13584.449351259802,13638.677362040347,12991.131336611592,,
DRREDDY,1240.0,-0.0350590297977631,1217.4128336511496,1189.3363471723917,1192.8938488936326,1229.9311312179066,,
DUMMYHDLVR,,,,,,,,
EICHERMOT,7236.0,0.08476057609181442,7308.125530035392,7514.231463984347,7612.566002398111,7386.693412432791,,
ETERNAL,326.6499938964844,0.2955025332818635,331.47000917252905,328.14398695667165,316.7202612946336,290.51922974648477,,
EXIDEIND,409.6000061035156,0.1142890605824518,417.27384391428313,424.86110888135534,428.37534748844575,397.2947510790306,,
NYKAA,325.8500061035156,0.10004972108674481,329.83642481762246,333.43926811213964,328.8992765982928,297.0499567381972,,
FEDERALBNK,324.6499938964844,0.035767551873423065,326.3220709115088,335.43429590244597,338.7150536771175,310.7060756807081,,
FORTIS,827.4500122070312,-0.09163906009089418,847.3867676584726,880.2222880960826,904.6299459133461,920.7840319302113,,
GAIL,171.7100067138672,0.04183985630085685,172.4059938231941,172.9176755722343,172.7152433393927,168.5311489177971,,
GMRAIRPORT,94.37999725341797,-0.11639418069478558,96.01645962108205,97.20505328444254,99.68118347211725,100.16014633571638,,
GLENMARK,2321.39990234375,0.10625853482774827,2379.8361976037136,2410.0654959406065,2366.621235008007,2237.8824051539477,,
GODFRYPHLP,1905.9000244140625,-0.06615984501857186,1942.8430700379351,1985.9156104359586,2048.1474198607175,2207.4862645992193,,
GODREJCP,857.7000122070312,-0.10390853920700238,868.2316569754715,881.3708039126806,925.7621139777548,1021.0187088973763,,
GODREJPROP,1653.800048828125,-0.06573212863212852,1675.804591507752,1765.3641636768923,1863.1415056874105,1879.276313358342,,
GRASIM,3132.39990234375,0.06368195266175447,3157.4497597119903,3206.896323861541,3208.706690450657,3047.571385636606,,
HCLTECH,1238.699951171875,0.22520607101420032,1248.5790343395413,1262.845854113664,1266.3680199499724,1296.4041443620044,,
HDFCAMC,2284.699951171875,-0.09634084293128886,2340.765662449054,2417.4438003242312,2489.557219426676,2564.99369571402,,
HDFCBANK,714.5,-0.06033725326264905,723.599579391137,722.3008541674856,731.1354819583224,788.4098320183458,,
HDFCLIFE,522.9500122070312,-0.04699256965488552,532.7358267601713,538.4533419489298,545.4625089610437,599.7090337802714,,
HAVELLS,1068.0999755859375,-0.033144631511510925,1084.5391116806195,1122.5990953558066,1169.5311192147105,1246.3951987266305,,
HEROMOTOCO,5367.0,0.1920473620336649,5361.8651390574905,5358.806236466304,5341.694804493638,5248.2366948642375,,
HINDALCO,958.9000244140625,0.057421484475896234,968.7981937519947,987.4109932161371,998.6217319421313,973.270575526942,,
HAL,4708.5,0.1300927214493086,4756.02903042514,4808.503867744058,4767.6146181241165,4533.783527374865,,
HINDPETRO,347.1499938964844,-0.028846877629721157,349.09540895457684,354.41396730411446,361.01771804806003,375.04129806490624,,
HINDUNILVR,1881.800048828125,-0.06770794367173738,1911.2592517483274,1946.9608174814443,2004.6847832864148,2143.2249899508374,,
HINDZINC,572.6500244140625,0.1271593349985456,579.9061069561311,584.1517762138701,579.4233403135341,567.7479991843488,,
POWERINDIA,30100.0,-0.09522330069767226,30696.831221648376,31534.621955610375,32257.907517627173,29923.435857168184,,
HUDCO,168.05999755859375,-0.12739252398330758,170.92899232421223,174.9569631451182,182.6833265498603,194.28466171744728,,
HYUNDAI,2047.5999755859375,0.1384379044977766,2075.5083822708593,2131.914018831234,2122.218179990868,2076.548771901338,,
ICICIBANK,1302.0999755859375,0.0020050681278935834,1317.4175415682516,1356.7141394962787,1378.3196420383306,1359.510874840073,,
ICICIGI,1515.5999755859375,-0.08681932559962913,1523.057710732356,1516.535016510243,1573.9491185414631,1719.8037848599522,,
IDFCFIRSTB,80.51000213623047,0.06599893778154442,82.49401679179239,84.58065782790565,83.81449089437383,78.81634173244828,,
IRB,17.09000015258789,-0.16064029747680197,17.504768509375463,18.429159430432122,19.116121369702775,20.223622803850976,,
ITCHOTELS,159.19000244140625,-0.07186134347250495,159.73024364742216,159.1119603203215,161.53270336055704,169.64997245225072,,
ITC,266.54998779296875,-0.025194700758319533,266.74776362394954,266.0989832255169,270.88496559457195,294.8439445589164,,
INDIANB,803.2999877929688,0.032255589046698896,817.6372774187139,841.5526763067427,850.5645514204032,842.9073847037708,,
INDHOTEL,719.7999877929688,0.05800931561175249,723.0532458498841,725.4167864466616,722.6321335301299,702.716340431178,,
IOC,133.67999267578125,0.015465063691954217,134.80456490330783,135.85460469837486,137.24439127954534,142.5781857129867,,
IRCTC,454.6000061035156,-0.05036907860437656,457.92049495644443,466.5100058118901,480.74614662231915,533.2115262170478,,
IRFC,78.69999694824219,-0.08772103111426999,79.31850336128782,80.95849684892546,84.25069804361794,95.34119145905944,,
IREDA,114.66999816894531,-0.058686308361319384,113.29565648718467,112.60551968101352,115.15680453082892,122.95696985362478,,
IGL,143.6999969482422,-0.08483853337656344,145.28625526829137,148.58056200844837,151.15318458739148,161.58796312653448,,
INDUSTOWER,368.70001220703125,0.024965817760219222,371.2355893606447,376.29193173429286,379.1023136816786,389.2390117645298,,
INDUSINDBK,903.0,0.025338447102656092,918.6345488274961,955.6297681573219,973.8750423077264,933.9005313018915,,
NAUKRI,1247.9000244140625,0.3431508744071856,1255.6805101229847,1275.061085014561,1256.127209586355,1180.471906795855,,
INFY,991.5,0.040074591485599775,1006.4246451542673,1047.637104893863,1083.073495806027,1190.3986657510272,,
INDIGO,4885.0,-0.04508399976999233,4917.636079759845,4969.870752106165,5034.889667450762,4983.116321492253,,
JSWENERGY,495.0,-0.10922019440638164,502.9177995629161,517.8690853427978,532.3930727578987,532.8554139128634,,
JSWSTEEL,1259.0,0.08349379231962284,1267.6637217444934,1277.2070497261066,1278.8801071558382,1243.081161354338,,
JINDALSTEL,1140.800048828125,0.1313191845574615,1148.4337591867811,1139.6348282982144,1128.6561279579046,1124.3078740252893,,
JIOFIN,219.4199981689453,-0.02384989207897259,223.74544569461136,229.97207742765013,235.73791254200256,248.39986105047737,,
JUBLFOOD,467.04998779296875,0.17701416407448933,477.0313741900953,480.8160289151627,474.91544644297466,481.1072220746954,,
KEI,4498.0,-0.130308789348346,4568.488745760748,4745.6926577549875,4981.82562233289,4900.173193495078,,
KPITTECH,508.29998779296875,-0.19898808522776934,516.3285161332816,543.2616076182228,575.5190260602083,719.8680963033565,,
KALYANKJIL,566.0,0.5422548884317728,571.0309404747844,583.769148068998,568.2737678376523,493.5243113141584,,
KOTAKBANK,404.45001220703125,0.08391816749548409,405.6348891515563,410.30152604621924,405.69188255438706,399.5681680918222,,
LTF,275.1000061035156,-0.07098029708889708,284.7377311903563,299.5238772494227,304.730873023344,293.8730068685749,,
LICHSGFIN,558.2000122070312,0.05947253130179986,562.2269748638175,553.3218660958435,540.3262611702735,532.2412569195726,,
LTIM,,,,,,,,
LT,3782.10009765625,-0.04209678845463838,3822.2947366926796,3892.165732540317,3940.6012138850842,3939.5176765545916,,
LICI,398.20001220703125,-0.03191165429353582,402.30707032291974,405.45174556649556,409.5018587600527,411.1182177698443,,
LODHA,1120.0999755859375,0.23483311156622433,1134.1701009372225,1153.1736425297445,1155.446980294977,1074.4728193199373,,
LUPIN,2077.39990234375,-0.09224781166703167,2084.2744350366224,2112.339462430629,2185.539201514164,2227.182430576182,,
MRF,123390.0,0.014808225683193621,124012.28708416663,126692.81189028294,129082.32995930388,133647.80024338586,,
M&MFIN,329.45001220703125,0.11940114051098982,336.9439418378001,353.0799741304061,357.36927901988014,338.0165431786624,,
M&M,2985.300048828125,0.031577403258996606,3007.6162304539685,3092.9394266896156,3170.541676925999,3233.8171587179772,,
MANKIND,2521.60009765625,0.039516759724163464,2471.701495593855,2400.7726723923065,2401.129591136582,2360.398215489371,,
MARICO,802.4000244140625,0.011536983086192665,813.557772772279,819.0011433777396,827.3377604231621,805.4488353191853,,
MARUTI,12000.0,-0.09887363665293569,12053.675437475167,12408.410046934392,12896.902812008004,13599.861004757508,,
MFSL,1397.0999755859375,-0.07441188414501798,1448.932832209053,1500.3558473093499,1528.6914277250996,1589.2108345725226,,
MAXHEALTH,995.7000122070312,-0.07305279279252386,1015.7512992769535,1027.4257281171379,1035.110353637544,1047.7224915030242,,
MAZDOCK,2119.800048828125,-0.10736336385279865,2165.7402297198687,2281.6467387920384,2371.408293918684,2452.1738600036483,,
MOTILALOFS,1007.2000122070312,0.11107581214202744,1015.3471558551979,1009.2465150316406,979.2534636380843,904.7858385188424,,
MPHASIS,2218.5,0.10590914975158294,2241.6913930799924,2312.1617642253946,2343.4451985675337,2368.1428579316052,,
MUTHOOTFIN,2741.800048828125,-0.040044677125530614,2786.106243837239,2839.1570523247856,2917.5176264319225,3141.6236931860262,,
NHPC,73.58999633789062,-0.04786112676050169,74.9385314273817,75.84387016872051,76.56972832549414,77.57956206434115,,
NMDC,77.72000122070312,-0.04227110742750473,78.90997673288012,81.3351704575685,83.26566385237739,83.26978346374159,,
NTPCGREEN,92.06999969482422,0.011719759584577494,92.75933427548115,90.88402348751245,91.55174604885624,95.15529495581755,,
NTPC,320.3999938964844,-0.047067738123748315,323.3966448645491,327.799534647691,334.28403028964306,347.34795207434627,,
NATIONALUM,345.29998779296875,0.06973628744863647,351.71710852116684,360.68885739259866,367.06726605969993,358.8012720231088,,
NESTLEIND,1343.0,0.007780653832177853,1356.7588999137831,1388.0987479123537,1417.165178104374,1377.327094853989,,
OBEROIRLTY,1800.0999755859375,0.06889380086240537,1819.825057998862,1813.7484970412625,1814.1440762892692,1732.00601967876,,
ONGC,231.32000732421875,0.037814675860865066,233.30892415326875,234.6766006092571,237.88983534173389,248.47814162761907,,
OIL,465.79998779296875,0.17475734274789834,470.62821064402107,477.0587585633794,471.4209683822509,457.7383356879845,,
PAYTM,1682.5999755859375,0.5468579171397083,1698.1888840191248,1714.5732456312992,1605.0580273542496,1356.5811139559921,,
OFSS,10660.0,0.038162256211631496,10840.292843250914,11351.982634777505,11363.715865323984,9956.599957800843,,
POLICYBZR,1105.5,-0.2876559764591061,1275.90895135187,1584.3131646053162,1658.806573076293,1657.8286143374057,,
PIIND,2324.10009765625,-0.0420376736030138,2356.817776461066,2378.238674455079,2477.7844646677318,2792.68510206471,,
PAGEIND,37125.0,-0.05307065206163186,37128.94381726537,36428.89735789979,36955.91276607693,37272.08268930837,,
PATANJALI,374.0,-0.03890340958106597,388.46456713182334,372.7965621644925,368.84791891408423,424.186787487092,,
PERSISTENT,5304.0,0.29097558637639653,5328.761841986892,5435.245527859668,5410.673832950791,5328.726556650475,,
PHOENIXLTD,1936.0,0.044005932236467205,1947.21398371294,1922.7755961986659,1920.134881816407,1842.2820914737877,,
PIDILITIND,1491.300048828125,-0.010325253797752398,1517.0810609700995,1561.9161294497915,1583.5681946284276,1528.2546546579997,,
POLYCAB,8196.5,-0.13648285440838548,8274.409908763731,8424.760828580858,8701.951229158167,8549.748386700821,,
PFC,326.79998779296875,-0.17534034011540722,334.1454590915856,345.60807337123305,363.8854902968615,387.61465953638486,,
POWERGRID,261.6000061035156,-0.03665616252208437,264.48424484727377,266.4523211992082,270.74555682618285,279.9734854250758,,
PREMIERENE,886.0,-0.11533984348487236,898.7547500344987,935.5168721229825,977.0727616297362,976.7537781765992,,
PRESTIGE,1447.0,-0.028244396392727245,1463.1706119224084,1500.0538462797094,1537.4114578081833,1520.2492217176398,,
PNB,112.91999816894531,0.11068932900529926,114.70743386882585,115.88440068905703,114.50365543815788,111.92885826272814,,
RECLTD,294.5,-0.13688904588764883,303.68055219794866,312.2138606745415,324.6570059532497,339.03420130813095,,
RVNL,199.6999969482422,-0.10859300417074447,204.03377337206334,207.95250943248706,216.547904379954,253.19884214704615,,
RELIANCE,1195.5999755859375,-0.03031508736486699,1212.5303548864583,1247.2306645215465,1275.593418822105,1334.4433798821249,,
SBICARD,590.25,0.04419186753143234,605.5779380432958,629.9044691123214,636.9653209043927,676.1482967281024,,
SBILIFE,1721.699951171875,0.02326006267784053,1736.109771544142,1738.140255300432,1765.3888002845026,1837.2136009942064,,
SRF,2446.199951171875,-0.060990953726925645,2497.184764789926,2529.632201782315,2578.7115265035454,2671.0503133137636,,
MOTHERSON,162.36000061035156,0.15237668840109775,162.9530497599015,162.92414323983502,159.77811241438366,141.77705463370677,,
SHREECEM,22245.0,-0.07307648651312948,22307.224045307474,22769.475331268135,23782.91190245958,25126.2446538027,,
SHRIRAMFIN,980.2999877929688,-0.007286440200724664,987.8370819897018,1015.735934009865,1036.367066546763,991.1702566063749,,
ENRIN,3219.699951171875,-0.08267387062248843,3221.8048632008613,3214.7247443014903,3276.7911016511375,3225.7485842229808,,
SIEMENS,3789.800048828125,0.11019742183742287,3833.174350902411,3884.602425814176,3861.904454255608,3614.2822548183703,,
SOLARINDS,19370.0,0.0878848628038782,19435.65986839403,19922.16656587559,19661.132881406113,17401.73819855902,,
SONACOMS,808.3499755859375,0.3684320527421727,811.6631199418831,803.3584375073399,776.5640440971056,656.7028006874605,,
SBIN,961.0,-0.01793397769408278,972.3830734094657,994.6903266321319,1014.0056850820688,1014.4890117680721,,
SAIL,184.64999389648438,0.11691545106695544,183.45376663135502,182.02986701505333,180.07307047232925,170.7065332490199,,
SUNPHARMA,1847.0,0.04340472174756638,1848.0438333687046,1865.3734203679644,1883.5175749582006,1830.4866742050397,,
SUPREMEIND,3475.300048828125,0.1549232953533355,3482.854827564597,3478.2149319073133,3485.7327546618285,3564.2075163025365,,
SUZLON,39.66999816894531,-0.29320684253059637,40.57552368528538,43.00699068590156,45.954992451122024,49.68821738044318,,
SWIGGY,254.9499969482422,0.11780752835284614,262.3849569318292,271.55579116739324,273.1571600355131,290.7412938314335,,
TVSMOTOR,4138.0,0.25482895853409016,4134.571675124856,4154.4242712052655,4108.086564625262,3819.615550027814,,
TATACOMM,1651.5999755859375,-0.12046757122861107,1675.7882500318503,1719.1938668473047,1742.6598079438927,1732.0849447833657,,
TCS,2069.39990234375,0.07484977986655839,2084.00675532318,2165.1919463002628,2225.624896296403,2396.9676046805484,,
TATACONSUM,961.5999755859375,-0.06181362407120716,973.416586039261,998.2387044309496,1033.4870230636634,1089.867098143224,,
TATAELXSI,3155.10009765625,-0.13544255531611615,3192.7750145511272,3339.941991305036,3516.643436454317,4050.712566073237,,
TMPV,279.79998779296875,-0.16631154661557712,287.7103172175975,300.67611810963854,315.3159311082077,351.96470414475067,,
TATAPOWER,358.04998779296875,-0.025313966759282547,362.82297964316166,365.651885445196,371.0592788439912,383.33961196434126,,
TATASTEEL,187.3800048828125,0.04561614836921679,187.1658820218513,186.26215047519096,187.17200801879747,189.05272601249777,,
TATATECH,698.9000244140625,0.07211393960731383,709.2057864750025,747.8673209974075,761.4992292420517,707.1204737190042,,
TECHM,1542.300048828125,0.1821503226470833,1545.5284316054374,1558.4921294108717,1557.9221807081042,1502.0352869773221,,
TITAN,4770.0,0.14035289827141417,4827.314557332619,4906.337396595069,4874.876057817602,4498.695603234778,,
TORNTPHARM,4856.0,0.10299299716246835,4910.913367689248,4924.407971607274,4891.606082523869,4539.074784478951,,
TORNTPOWER,1235.0,-0.08401857764292342,1246.9317395713103,1267.52769288586,1304.4075615772012,1373.0855427209012,,
TRENT,2630.0,-0.15921833499513627,2673.203071700847,2768.117690872591,2846.0664218633638,3028.265480586885,,
TIINDIA,2424.89990234375,-0.15950792410782844,2488.0473980612273,2596.4049033676033,2713.5578169807777,2807.5105687611326,,
UPL,536.25,-0.005263139187240529,546.5443150558452,561.607240810213,574.2937199059484,618.5344235389541,,
ULTRACEMCO,11011.0,0.04780221707258003,11049.502514422675,11111.94473713087,11287.190528682848,11469.112583882457,,
UNIONBANK,170.3800048828125,0.06754947409438139,174.65887902490635,178.6232660096723,178.36400822309332,170.36277276523597,,
UNITDSPR,1387.800048828125,0.0867798309667207,1404.4192066642731,1423.7648522399,1436.4527820540636,1387.1524704724504,,
VBL,430.5,-0.10891082598474922,430.5505257715481,423.7738377836212,434.4589497969527,459.7472344705156,,
VEDL,259.29998779296875,-0.030766997693019937,262.23996171872017,265.53357053904887,275.8877606807129,382.9433934761312,,
VMM,100.38999938964844,-0.10682207760272311,102.09786112788925,103.59037761073682,106.61174375245244,115.73003230586,,
IDEA,13.359999656677246,-0.030420075049307438,13.778880128548133,14.215847408936408,14.100025506160016,12.68503892305267,,
VOLTAS,1117.699951171875,-0.08192999350849872,1122.9193299319536,1147.3868429569493,1200.5136281961575,1293.674418990298,,
WAAREEENER,2424.0,-0.13614873662917337,2465.005100854372,2531.7015846140125,2629.859212083077,2860.9660534454247,,
WIPRO,159.97999572753906,-0.0034504229666789676,162.4478752955329,167.7005493783269,173.50441986298708,191.49266148856097,,
YESBANK,21.200000762939453,-0.07992117340726856,21.895801760417413,22.53737641850837,22.718796344682016,22.260159075102425,,
ZYDUSLIFE,1211.0999755859375,0.143342901050453,1197.0259691663473,1162.1838518344052,1140.8159970723677,1058.0649684227044,,
